k,Silhouette Score,Davies-Bouldin Index,Calinski-Harabasz Index
3,0.3759016990661621,0.8531182300295997,113.45661163330078
4,0.31741705536842346,0.9553186902214807,98.54042053222656
5,0.32658499479293823,0.9372815167158854,97.5635986328125
6,0.33625856041908264,0.8792841376457347,95.52435302734375
7,0.3113374412059784,0.8873491373847685,92.7586898803711
