,Role 0,Role 1,Role 2
Role 0,0.5249772933696639,0.23751135331516804,0.23751135331516804
Role 1,0.5419689119170984,0.22176165803108808,0.23626943005181347
Role 2,0.5581643543223053,0.24332977588046958,0.19850586979722518
