,Role 0,Role 1,Role 2
Role 0,0.43088552915766737,0.2473002159827214,0.32181425485961124
Role 1,0.47461139896373056,0.22176165803108808,0.30362694300518134
Role 2,0.4630924630924631,0.22766122766122765,0.30924630924630925
