role_id,num_nodes,avg_degree,avg_betweenness,avg_closeness,avg_eigenvector,avg_pagerank,avg_clustering_coeff
0,52,0.30702917771883287,0.00620584710385349,0.5907301188017834,0.09259178487674,0.008660587761463128,0.31628777855135515
1,34,0.24467545638945232,0.003809487200853415,0.5697973335573999,0.07365711114715713,0.007161857610799682,0.31150898348788936
2,31,0.3578976640711902,0.008283544436281463,0.6091129156396909,0.10845872733848695,0.009875686375378336,0.3176281699412902
