,Role 0,Role 1,Role 2,Role 3,Role 4,Role 5,Role 6
Role 0,0.1969519343493552,0.14419695193434937,0.07268464243845252,0.09495896834701055,0.16412661195779601,0.01406799531066823,0.3130128956623681
Role 1,0.22282608695652173,0.12318840579710146,0.06702898550724638,0.09963768115942029,0.16847826086956522,0.014492753623188406,0.30434782608695654
Role 2,0.2222222222222222,0.13261648745519714,0.07168458781362007,0.07168458781362007,0.15412186379928317,0.007168458781362007,0.34050179211469533
Role 3,0.20099255583126552,0.13647642679900746,0.04962779156327544,0.06947890818858561,0.18362282878411912,0.004962779156327543,0.3548387096774194
Role 4,0.20086083213773315,0.133428981348637,0.06169296987087518,0.10616929698708752,0.16355810616929697,0.007173601147776184,0.32711621233859395
Role 5,0.2857142857142857,0.19047619047619047,0.047619047619047616,0.047619047619047616,0.11904761904761904,0.047619047619047616,0.2619047619047619
Role 6,0.20892018779342722,0.13145539906103287,0.07433489827856025,0.11189358372456965,0.1784037558685446,0.008607198748043818,0.2863849765258216
