role_id,num_nodes,avg_degree,avg_betweenness,avg_closeness,avg_eigenvector,avg_pagerank,avg_clustering_coeff
0,33,0.29388714733542315,0.005873119619296873,0.586242634293417,0.08799898190638353,0.008352083888273529,0.3141837561015553
1,27,0.24904214559386972,0.004054250489761231,0.5712136089498505,0.07424200580933071,0.007275549163960977,0.309607959170745
2,9,0.38409961685823757,0.008967044301620937,0.6190104950829931,0.11844581266237994,0.010477085271797125,0.319908940854134
3,20,0.33879310344827585,0.007310178328726847,0.6020277692086815,0.10375112334096737,0.009405110011984295,0.3263328362534262
4,26,0.32161803713527853,0.006696190319247681,0.5959077279432212,0.09716848891508681,0.009008583497350937,0.3176964593312635
5,2,0.1810344827586207,0.0023654337521038845,0.5497753818508535,0.05270954387565335,0.0056611328215215116,0.24565960355434038
