k,Silhouette Score,Davies-Bouldin Index,Calinski-Harabasz Index
3,0.5109410881996155,0.6016044777289467,215.06747436523438
4,0.4935442805290222,0.6159102393449631,234.588134765625
5,0.5088866949081421,0.5544647374428661,280.8138122558594
6,0.5182291269302368,0.5045042388251632,354.4290771484375
7,0.5219170451164246,0.49468908955097185,449.6406555175781
