role_id,num_nodes,avg_degree,avg_betweenness,avg_closeness,avg_eigenvector,avg_pagerank,avg_clustering_coeff
0,25,0.2941379310344827,0.005600752392188553,0.586227446013541,0.08855098424774056,0.008352599691714377,0.31616089466089464
1,18,0.26436781609195403,0.00448100011067356,0.5761699830253103,0.07944203440000631,0.0076382925412768,0.31171179323292786
2,6,0.4008620689655173,0.009922630606797248,0.6253780172027328,0.12286641999368049,0.010887584087487854,0.3178142138661499
3,15,0.23160919540229885,0.003259547419874174,0.5654999255196204,0.07029734931669535,0.00683907871266553,0.3233374033374033
4,17,0.35344827586206895,0.008184065781884705,0.6073534105374885,0.10650868447602024,0.009775218528209966,0.31251903345558796
5,2,0.1810344827586207,0.0023654337521038845,0.5497753818508535,0.05270954387565341,0.0056611328215215116,0.24565960355434038
6,34,0.32403651115618665,0.006942667624180621,0.5966913038185567,0.09793760091579781,0.009067149297842232,0.31790645404741197
