role_id,num_nodes,avg_degree,avg_betweenness,avg_closeness,avg_eigenvector,avg_pagerank,avg_clustering_coeff
0,21,0.29064039408866993,0.005579183293349844,0.585028804454369,0.08737310654585613,0.008270307703909092,0.31577967452865796
1,29,0.34304399524375745,0.007508233683807272,0.6035483354023367,0.10417077596853738,0.009516422900399205,0.32133785844112966
2,15,0.23218390804597702,0.003371928364687232,0.5656866668828323,0.07012827923777953,0.006857224079404589,0.31992561716699647
3,26,0.31598143236074266,0.006659262911886474,0.5938367688321992,0.09515091343308665,0.008877465560032358,0.3131461246726786
4,7,0.3977832512315271,0.010199630940670014,0.6241841971160201,0.12121149414547375,0.01082506501333275,0.3127323282851506
5,2,0.1810344827586207,0.0023654337521038845,0.5497753818508535,0.05270954387565335,0.0056611328215215116,0.24565960355434038
6,17,0.2636916835699797,0.004368636499712388,0.5759513615806898,0.07916470087881097,0.007622181624591175,0.31255547808498796
