,Role 0,Role 1,Role 2,Role 3,Role 4,Role 5,Role 6
Role 0,0.3137254901960784,0.10745098039215686,0.16862745098039217,0.19058823529411764,0.0815686274509804,0.008627450980392156,0.12941176470588237
Role 1,0.3399503722084367,0.06947890818858561,0.19602977667493796,0.18362282878411912,0.06947890818858561,0.004962779156327543,0.13647642679900746
Role 2,0.31024531024531027,0.113997113997114,0.1471861471861472,0.2077922077922078,0.06926406926406926,0.008658008658008658,0.14285714285714285
Role 3,0.2977941176470588,0.09068627450980392,0.17647058823529413,0.20098039215686275,0.08333333333333333,0.012254901960784314,0.13848039215686275
Role 4,0.3219814241486068,0.08668730650154799,0.14860681114551083,0.21052631578947367,0.08668730650154799,0.009287925696594427,0.13622291021671826
Role 5,0.2619047619047619,0.047619047619047616,0.14285714285714285,0.23809523809523808,0.07142857142857142,0.047619047619047616,0.19047619047619047
Role 6,0.29891304347826086,0.09963768115942029,0.1793478260869565,0.20471014492753623,0.07971014492753623,0.014492753623188406,0.12318840579710146
