role_id,num_nodes,avg_degree,avg_betweenness,avg_closeness,avg_eigenvector,avg_pagerank,avg_clustering_coeff
0,34,0.3232758620689655,0.006840777453438886,0.5964170189777168,0.09791426881955637,0.009046045579182958,0.31829218903522305
1,15,0.23160919540229885,0.003259547419874174,0.5654999255196204,0.07029734931669536,0.00683907871266553,0.3233374033374033
2,17,0.35141987829614607,0.00816416287051296,0.6065972570122485,0.10513941088690672,0.009736748289513628,0.3094912814538277
3,24,0.29310344827586204,0.005498324673306079,0.5858685486775174,0.0886068170593509,0.0083223567590296,0.3191724227569816
4,7,0.3977832512315271,0.010199630940670014,0.6241841971160201,0.12121149414547368,0.01082506501333275,0.3127323282851506
5,2,0.1810344827586207,0.0023654337521038845,0.5497753818508535,0.052709543875653436,0.0056611328215215116,0.24565960355434038
6,18,0.26436781609195403,0.00448100011067356,0.5761699830253103,0.07944203440000634,0.0076382925412768,0.31171179323292786
