,Role 0,Role 1,Role 2,Role 3,Role 4,Role 5,Role 6
Role 0,0.1751412429378531,0.2612994350282486,0.09745762711864407,0.24152542372881355,0.08192090395480225,0.015536723163841809,0.1271186440677966
Role 1,0.16031195840554593,0.2824956672443674,0.10138648180242635,0.2512998266897747,0.08232235701906412,0.006932409012131715,0.11525129982668977
Role 2,0.1707920792079208,0.2896039603960396,0.0891089108910891,0.26485148514851486,0.06188118811881188,0.0049504950495049506,0.1188118811881188
Role 3,0.1794333683105981,0.304302203567681,0.11227701993704092,0.1888772298006296,0.07555089192025184,0.00944386149003148,0.13011542497376705
Role 4,0.17956656346749225,0.29411764705882354,0.07739938080495357,0.22291021671826625,0.08668730650154799,0.009287925696594427,0.13003095975232198
Role 5,0.2619047619047619,0.19047619047619047,0.047619047619047616,0.21428571428571427,0.07142857142857142,0.047619047619047616,0.16666666666666666
Role 6,0.17307692307692307,0.25576923076923075,0.09230769230769231,0.23846153846153847,0.08076923076923077,0.013461538461538462,0.14615384615384616
