Dataset,Model,Best k,Silhouette Score,Davies-Bouldin Index,Calinski-Harabasz Index
Cora,Feature-Based_Roles,7,0.4900673627853393,0.6430978961197434,1702.4827880859375
Cora,GNN_Embedder_GAE,3,0.6057029962539673,0.5834156046306802,4115.0986328125
Cora,GNN_Embedder_DGI,3,0.6338770389556885,0.530556401952042,3315.86279296875
Actor,Feature-Based_Roles,5,0.5066596269607544,0.6691437866656358,7242.060546875
Actor,GNN_Embedder_GAE,3,0.7592697739601135,0.3479844023576594,8996.23046875
Actor,GNN_Embedder_DGI,3,0.695232629776001,0.5630870069012012,6426.50439453125
CLUSTER,Feature-Based_Roles,3,0.3601731956005096,0.8731352594233809,112.70005798339844
CLUSTER,GNN_Embedder_GAE,7,0.5702085494995117,0.4462431906210202,536.5836181640625
CLUSTER,GNN_Embedder_DGI,5,0.5577976107597351,0.4552940815655118,340.50927734375
