Dataset,Model,Best k,Silhouette Score,Davies-Bouldin Index,Calinski-Harabasz Index
Cora,Feature-Based_Roles,6,0.4747690260410309,0.8161347278130467,1452.1162109375
Cora,GNN_Embedder_GAE,3,0.619076669216156,0.5764843010836546,3745.569580078125
Cora,GNN_Embedder_DGI,3,0.6338770389556885,0.530556401952042,3315.86279296875
Actor,Feature-Based_Roles,4,0.4480750858783722,0.7209610723636424,6577.7119140625
Actor,GNN_Embedder_GAE,3,0.7593672871589661,0.3475937765551487,8987.7080078125
Actor,GNN_Embedder_DGI,3,0.695232629776001,0.5630870069012012,6426.50439453125
CLUSTER,Feature-Based_Roles,3,0.3686037957668304,0.866437572095153,113.34868621826172
CLUSTER,GNN_Embedder_GAE,7,0.5545735359191895,0.4666759305384963,507.6173706054688
CLUSTER,GNN_Embedder_DGI,5,0.5577976107597351,0.4552940815655118,340.50927734375
