Dataset,Model,Best k,Silhouette Score,Davies-Bouldin Index,Calinski-Harabasz Index
Cora,Feature-Based_Roles,7,0.4921680390834808,0.6659418133009896,1656.2412109375
Cora,GNN_Embedder_GAE,3,0.6056170463562012,0.583439252511779,4116.94677734375
Cora,GNN_Embedder_DGI,3,0.6338770389556885,0.530556401952042,3315.86279296875
Actor,Feature-Based_Roles,5,0.5061068534851074,0.6684673053841467,7224.9501953125
Actor,GNN_Embedder_GAE,3,0.7621217370033264,0.3459287617066857,9123.8857421875
Actor,GNN_Embedder_DGI,3,0.695232629776001,0.5630870069012012,6426.50439453125
CLUSTER,Feature-Based_Roles,3,0.3697748184204101,0.8648586810366767,111.17047119140624
CLUSTER,GNN_Embedder_GAE,7,0.561288058757782,0.468594843407916,524.5108032226562
CLUSTER,GNN_Embedder_DGI,5,0.5577976107597351,0.4552940815655118,340.50927734375
