k,Silhouette Score,Davies-Bouldin Index,Calinski-Harabasz Index
3,0.3791806101799011,0.8358064895107669,112.961181640625
4,0.3209192454814911,0.8835695263922194,99.41238403320312
5,0.32240748405456543,0.9684081989845892,94.96119689941406
6,0.33261698484420776,0.9011755677576466,92.31141662597656
7,0.3286484181880951,0.8858773265028395,88.56535339355469
