k,Silhouette Score,Davies-Bouldin Index,Calinski-Harabasz Index
3,0.36017319560050964,0.8731352594233809,112.70005798339844
4,0.3422468602657318,0.9145998565686799,104.43533325195312
5,0.2824617922306061,1.0475192323437497,88.80172729492188
6,0.33050745725631714,0.9510191769737616,100.04981231689453
7,0.3163512051105499,0.9811853785871322,94.82192993164062
