role_id,num_nodes,avg_degree,avg_betweenness,avg_closeness,avg_eigenvector,avg_pagerank,avg_clustering_coeff
0,63,0.3133552271483306,0.006376302713712387,0.5929644369623518,0.09476153991238107,0.00880898601452406,0.3186694048292539
1,35,0.2455665024630542,0.00383663087984127,0.5700888383129028,0.07399531276291005,0.0071827917736002386,0.31291978672464094
2,19,0.3706896551724138,0.009106702105042002,0.6138793175734206,0.11165906204763472,0.010191377316261898,0.3082304290438565
