role_id,num_nodes,avg_degree,avg_betweenness,avg_closeness,avg_eigenvector,avg_pagerank,avg_clustering_coeff
0,60,0.310632183908046,0.006279314015216885,0.5920010013822139,0.09402935915627161,0.008742876558689645,0.31933497785814774
1,34,0.24467545638945232,0.003809487200853415,0.5697973335573999,0.07365711114715713,0.007161857610799682,0.31150898348788936
2,23,0.366191904047976,0.008814568957047552,0.6121915860691441,0.11022747007422948,0.010083662943975316,0.31014517745050424
