role_id,num_nodes,avg_degree,avg_betweenness,avg_closeness,avg_eigenvector,avg_pagerank,avg_clustering_coeff
0,61,0.3111927642736009,0.006284251840438798,0.5922004385180247,0.09426347216453584,0.00875545302393041,0.3195434418613139
1,34,0.24467545638945232,0.003809487200853415,0.5697973335573999,0.07365711114715716,0.007161857610799682,0.31150898348788936
2,22,0.36716300940438873,0.008916116575379095,0.6125563551328931,0.11031461632031317,0.010109736671502546,0.30914944542319617
