k,Silhouette Score,Davies-Bouldin Index,Calinski-Harabasz Index
3,0.36977481842041016,0.8648586810366767,111.17047119140625
4,0.3113521933555603,0.9351394474329089,99.042724609375
5,0.2792734205722809,1.0485754408565708,89.13771057128906
6,0.2827993631362915,1.0098374543480646,84.02952575683594
7,0.307381272315979,0.8914476288026372,82.07726287841797
