k,Silhouette Score,Davies-Bouldin Index,Calinski-Harabasz Index
3,0.36860379576683044,0.866437572095153,113.34868621826172
4,0.33754074573516846,0.9204053195840026,103.2791976928711
5,0.31883659958839417,0.983394801868266,100.95301818847656
6,0.33233219385147095,0.8524085922218089,97.42787170410156
7,0.29653018712997437,0.9443306474234242,85.77754211425781
