k,Silhouette Score,Davies-Bouldin Index,Calinski-Harabasz Index
3,0.5181214213371277,0.589145511989036,232.2368927001953
4,0.5323315858840942,0.5683201031931817,276.24420166015625
5,0.5331838130950928,0.5185304888309133,299.48443603515625
6,0.5249513387680054,0.4992226336869734,378.2537841796875
7,0.5759456157684326,0.45583535444737705,543.99560546875
