k,Silhouette Score,Davies-Bouldin Index,Calinski-Harabasz Index
3,0.5102513432502747,0.5985947880361814,233.2119598388672
4,0.5274096131324768,0.5690580900940032,282.27398681640625
5,0.5034016370773315,0.5474072353279342,298.9078063964844
6,0.5371366739273071,0.48346000919776316,371.40679931640625
7,0.567156195640564,0.45001990481443144,531.424560546875
