k,Silhouette Score,Davies-Bouldin Index,Calinski-Harabasz Index
3,0.5030491948127747,0.6074618407115532,231.5878143310547
4,0.5199041962623596,0.5765419085296959,281.3261413574219
5,0.5020512342453003,0.5610907033833363,298.3125
6,0.5242512226104736,0.4976441472479716,361.7272644042969
7,0.5545735359191895,0.4666759305384963,507.61737060546875
