role_id,num_nodes,avg_degree,avg_betweenness,avg_closeness,avg_eigenvector,avg_pagerank,avg_clustering_coeff
0,24,0.29310344827586204,0.005498324673306079,0.5858685486775174,0.08860681705935092,0.0083223567590296,0.3191724227569816
1,29,0.3210463733650416,0.0068007330447968,0.5956205964859349,0.09702255255578898,0.008996240242566858,0.3174206994533673
2,15,0.23160919540229885,0.003259547419874174,0.5654999255196204,0.07029734931669535,0.00683907871266553,0.3233374033374033
3,22,0.34796238244514105,0.007916179268933421,0.6053333961981129,0.10467277731020226,0.009645422889977879,0.3126402694438638
4,7,0.3977832512315271,0.010199630940670014,0.6241841971160201,0.12121149414547368,0.01082506501333275,0.3127323282851506
5,18,0.26436781609195403,0.00448100011067356,0.5761699830253103,0.07944203440000634,0.0076382925412768,0.31171179323292786
6,2,0.1810344827586207,0.0023654337521038845,0.5497753818508535,0.05270954387565341,0.0056611328215215116,0.24565960355434038
