k,Silhouette Score,Davies-Bouldin Index,Calinski-Harabasz Index
3,0.5135791301727295,0.5939885003808931,229.7311553955078
4,0.5248685479164124,0.5750702307834892,270.555908203125
5,0.5258594751358032,0.527174363141619,295.5885314941406
6,0.51771080493927,0.5007975361388772,369.2640075683594
7,0.561288058757782,0.468594843407916,524.5108032226562
