role_id,num_nodes,avg_degree,avg_betweenness,avg_closeness,avg_eigenvector,avg_pagerank,avg_clustering_coeff
0,5301,0.0005701263475552873,0.00013321168538016942,0.23218603284419978,0.000672976868613666,9.198121183200848e-05,0.044912825692746974
1,1,0.1714699302539808,0.42855921156947735,0.4196024295969078,0.6763942701088279,0.02803315376079497,0.0007474185178242812
2,1169,0.0006559550235719414,0.0003627659370119622,0.2995323500682295,0.01891685735554483,9.907691174301053e-05,0.0668652980883937
3,285,0.00035184684965473297,1.5440803598020322e-05,0.23722109032730102,0.003738886434476832,6.557278761475324e-05,0.8948760790866054
4,844,0.0035309584885514374,0.001906751223668066,0.2843932274481338,0.007196714133227376,0.0004145323317771847,0.04523049314081685
