k,Silhouette Score,Davies-Bouldin Index,Calinski-Harabasz Index
3,0.40854158997535706,0.8260006161771806,6471.8837890625
4,0.4480750858783722,0.7209610723636424,6577.7119140625
5,0.423541396856308,0.7753735260578202,7102.5576171875
6,0.4205703139305115,0.7246957195171698,7940.9228515625
7,0.4169796407222748,0.7801616283709015,7616.61669921875
