,Role 0,Role 1,Role 2,Role 3,Role 4
Role 0,0.5045414138290882,0.0,0.08688594287481158,0.013257063347891625,0.39531557994820854
Role 1,0.0,0.0,0.8903374233128835,0.039110429447852764,0.0705521472392638
Role 2,0.349774389295161,0.1806441574607126,0.09117784347284892,0.016959701260308074,0.36144390851096936
Role 3,0.3572916666666667,0.053125,0.11354166666666667,0.1375,0.3385416666666667
Role 4,0.40150741932951245,0.003611525476956897,0.09119101829316166,0.0127581063044673,0.4909319305959017
