k,Silhouette Score,Davies-Bouldin Index,Calinski-Harabasz Index
3,0.40827104449272156,0.8252045854036462,6512.56494140625
4,0.44802746176719666,0.7201132720589977,6625.705078125
5,0.5066596269607544,0.6691437866656358,7242.060546875
6,0.4211561381816864,0.7222984133993703,7999.84716796875
7,0.3924151360988617,0.8332742926910781,7797.32421875
