k,Silhouette Score,Davies-Bouldin Index,Calinski-Harabasz Index
3,0.40910544991493225,0.825292797048037,6500.6953125
4,0.44796326756477356,0.7203899302590544,6611.5673828125
5,0.5061068534851074,0.6684673053841467,7224.9501953125
6,0.42108842730522156,0.7239552943223213,7983.158203125
7,0.38925230503082275,0.8298339714998891,7806.8896484375
