k,Silhouette Score,Davies-Bouldin Index,Calinski-Harabasz Index
3,0.40855851769447327,0.8256577578645322,6520.56884765625
4,0.4652434289455414,0.7294140684598969,5997.5087890625
5,0.5061193704605103,0.6676534762662338,7246.25537109375
6,0.4202488362789154,0.7240670085839677,7994.60986328125
7,0.3905331790447235,0.8328417937294186,7797.08984375
