k,Silhouette Score,Davies-Bouldin Index,Calinski-Harabasz Index
3,0.7592697739601135,0.34798440235765943,8996.23046875
4,0.6870524883270264,0.4019350750038279,13382.7373046875
5,0.6608806252479553,0.43736310821178376,17399.9375
6,0.6514156460762024,0.422122885840031,20823.892578125
7,0.6543558835983276,0.41210656146733543,24873.7421875
