k,Silhouette Score,Davies-Bouldin Index,Calinski-Harabasz Index
3,0.7621217370033264,0.345928632742795,9123.8896484375
4,0.6926370859146118,0.40047632927661864,13506.857421875
5,0.6594589948654175,0.4415508927743401,17525.224609375
6,0.6502168774604797,0.4218842248584882,21110.119140625
7,0.6549610495567322,0.4088627118690145,25173.359375
