role_id,num_nodes,avg_degree,avg_betweenness,avg_closeness,avg_eigenvector,avg_pagerank,avg_clustering_coeff
0,6737,0.000598990558803205,0.00017354268225862682,0.24456641542812804,0.003967224645328084,9.342981637393586e-05,0.08510043701795082
1,862,0.003287769272364266,0.0018268795081115739,0.27953994351168265,0.007069226862932194,0.0003973667904037111,0.04192691069974618
2,1,0.1714699302539808,0.42855921156947735,0.4196024295969078,0.6763942701088262,0.02803315376079497,0.0007474185178242812
