k,Silhouette Score,Davies-Bouldin Index,Calinski-Harabasz Index
3,0.7593672871589661,0.3475937765551487,8987.7080078125
4,0.6868276596069336,0.4019553898140553,13376.314453125
5,0.6609041094779968,0.43709393205248015,17395.400390625
6,0.6518496870994568,0.4219102997045639,20812.646484375
7,0.6540591716766357,0.412550425730953,24858.720703125
