k,Silhouette Score,Davies-Bouldin Index,Calinski-Harabasz Index
3,0.7621217370033264,0.3459287617066857,9123.8857421875
4,0.6926370859146118,0.4004763323758759,13506.8583984375
5,0.6594589948654175,0.4415508791011538,17525.228515625
6,0.6502168774604797,0.4218842063449215,21110.12109375
7,0.6549610495567322,0.4088626827577702,25173.361328125
