k,Silhouette Score,Davies-Bouldin Index,Calinski-Harabasz Index
3,0.4014730155467987,1.185060093247307,866.7152099609375
4,0.40960919857025146,0.8967124056303554,1054.1287841796875
5,0.44832223653793335,0.8990190739507332,1106.3929443359375
6,0.461575448513031,0.8408214742699193,1169.658935546875
7,0.49216803908348083,0.6659418133009896,1656.2412109375
