k,Silhouette Score,Davies-Bouldin Index,Calinski-Harabasz Index
3,0.37986740469932556,0.9763538987718432,877.2942504882812
4,0.3905075192451477,0.7704569268557088,1048.9581298828125
5,0.4362353980541229,0.6881727688721498,1240.8896484375
6,0.4747690260410309,0.8161347278130467,1452.1162109375
7,0.38576680421829224,0.7622350496541188,1619.619873046875
