role_id,num_nodes,avg_degree,avg_betweenness,avg_closeness,avg_eigenvector,avg_pagerank,avg_clustering_coeff
0,223,0.0006924416187230912,1.8898729122174273e-06,0.0009466353133382486,-4.315339201179976e-20,0.00036927621861152144,0.2745248772154602
1,430,0.0011838386268159208,0.0001220597627046787,0.1424971058254465,0.001106183456225176,0.0002884789403977192,0.8011295681063122
2,162,0.004193517492372313,0.007595215504144455,0.16610249806828103,0.0027795187371286475,0.0009079324394466612,0.11278796049235129
3,1,0.062061322497229406,0.23588976781705245,0.22276881556604902,0.6543415642873577,0.012206568911713374,0.01140575990875392
4,12,0.016623568526043592,0.04965671357956749,0.20798267099546852,0.01960505207133427,0.0033679033871734797,0.029672271205907375
5,166,0.001842612414934952,0.0022722977465988742,0.18223781505109535,0.055884347386877684,0.0004030041071181713,0.3793089207241982
6,1714,0.0011606108714215576,0.0010172883248955834,0.14639532413286852,0.0010857537867050551,0.0003074680935524159,0.095935896723528
