k,Silhouette Score,Davies-Bouldin Index,Calinski-Harabasz Index
3,0.39879533648490906,1.1836693133120277,844.5015258789062
4,0.4314585030078888,0.9980591475696943,967.0952758789062
5,0.4555506706237793,0.8321301925380309,1205.4990234375
6,0.4701289236545563,0.6104341615963467,1561.2030029296875
7,0.49006736278533936,0.6430978961197434,1702.4827880859375
