k,Silhouette Score,Davies-Bouldin Index,Calinski-Harabasz Index
3,0.3759269416332245,0.9828558658788032,858.1286010742188
4,0.39347219467163086,0.7656402003272407,1086.6466064453125
5,0.4378301501274109,0.6905266844970851,1179.3570556640625
6,0.4692295789718628,0.6125441180523464,1530.5391845703125
7,0.49236252903938293,0.6526155222951185,1725.8873291015625
