k,Silhouette Score,Davies-Bouldin Index,Calinski-Harabasz Index
3,0.3819902837276459,0.9828518375656952,864.9411010742188
4,0.3859219551086426,0.739369846486819,1096.828369140625
5,0.37196123600006104,0.9429403023299457,1161.8836669921875
6,0.46503254771232605,0.6042384133689174,1526.8209228515625
7,0.4842981994152069,0.6763140182736825,1728.0277099609375
