k,Silhouette Score,Davies-Bouldin Index,Calinski-Harabasz Index
3,0.37761345505714417,0.9830639769895285,853.0082397460938
4,0.38917070627212524,0.7683148411570041,1045.4443359375
5,0.39756473898887634,0.9512049891550154,1118.6011962890625
6,0.4705466032028198,0.8678495883429539,1422.7147216796875
7,0.42085006833076477,0.7553002268130777,1571.0040283203125
