k,Silhouette Score,Davies-Bouldin Index,Calinski-Harabasz Index
3,0.5045130252838135,0.7567716922479045,2960.732177734375
4,0.48218783736228943,0.8097411941365993,2738.478759765625
5,0.4151591360569,0.8500251567198012,2642.81591796875
6,0.40984243154525757,0.853951752463519,2591.16455078125
7,0.40477484464645386,0.8164134477946898,2572.18896484375
