k,Silhouette Score,Davies-Bouldin Index,Calinski-Harabasz Index
3,0.6057029962539673,0.5834156046306802,4115.0986328125
4,0.5651410818099976,0.5389680533797269,4783.349609375
5,0.5937193632125854,0.4402912867021418,5265.22021484375
6,0.580724835395813,0.45710036575916996,6269.798828125
7,0.5844109654426575,0.47265241733206187,7545.6904296875
