k,Silhouette Score,Davies-Bouldin Index,Calinski-Harabasz Index
3,0.619076669216156,0.5764843010836546,3745.569580078125
4,0.5745100975036621,0.535678830371012,4528.0556640625
5,0.5565897822380066,0.5402517945060574,4725.365234375
6,0.5846501588821411,0.4592854977355067,5759.6318359375
7,0.5771077871322632,0.45970835851366515,6967.30615234375
