k,Silhouette Score,Davies-Bouldin Index,Calinski-Harabasz Index
3,0.3238050639629364,1.2008250103668816,1080.1734619140625
4,0.3009803593158722,1.0933408116226953,1129.059814453125
5,0.34307506680488586,0.9828340555406949,1241.80712890625
6,0.3086024224758148,1.0876521894533282,1177.5518798828125
7,0.3151475489139557,1.0713356589729761,1145.2578125
