role_id,num_nodes,avg_degree,avg_betweenness,avg_closeness,avg_eigenvector,avg_pagerank,avg_clustering_coeff
0,503,0.0003826321715073431,8.540253361432337e-06,0.0967260561496445,0.0007234398951720779,0.00020847959035084616,0.0019880715705765406
1,1917,0.001275889957815274,0.001050968107420246,0.14497744581696403,0.004952841365597108,0.0003260763791134046,0.31729554280415
2,288,0.004379078931166113,0.00769768884550948,0.15871567264658643,0.010745970841138866,0.0009376609281011383,0.14752686384614855
