k,Silhouette Score,Davies-Bouldin Index,Calinski-Harabasz Index
3,0.6057794094085693,0.5832095005228456,4121.41845703125
4,0.5660462379455566,0.5381096088482455,4788.10205078125
5,0.5939098596572876,0.44004474818139094,5275.24560546875
6,0.5807597637176514,0.4566068644691322,6279.1728515625
7,0.5846748948097229,0.4723839001713786,7558.2578125
