k,Silhouette Score,Davies-Bouldin Index,Calinski-Harabasz Index
3,0.5737718343734741,0.5735563408214545,5281.3525390625
4,0.5595058798789978,0.5507594045122297,5512.6064453125
5,0.590629518032074,0.45369014212708797,6483.12841796875
6,0.5657535195350647,0.45104246695442285,7792.06494140625
7,0.5726473927497864,0.4701750390723838,9039.2900390625
