,Role 0,Role 1,Role 2
Role 0,0.2582171969497765,0.025506179332106232,0.7162766237181173
Role 1,0.18371212121212122,0.3106060606060606,0.5056818181818182
Role 2,0.4375903614457831,0.042891566265060244,0.5195180722891566
