k,Silhouette Score,Davies-Bouldin Index,Calinski-Harabasz Index
3,0.6056170463562012,0.583439252511779,4116.94677734375
4,0.5649624466896057,0.5391178267719698,4786.58154296875
5,0.5934230089187622,0.4405087221303571,5261.55126953125
6,0.5803906321525574,0.45723979838150447,6263.771484375
7,0.5838779807090759,0.4731086531211438,7536.6396484375
