k,Silhouette Score,Davies-Bouldin Index,Calinski-Harabasz Index
3,0.5689657926559448,0.5870018379837084,4899.90966796875
4,0.5623895525932312,0.5340987901893696,5321.7587890625
5,0.5963311195373535,0.43411336322753424,6387.40869140625
6,0.5709516406059265,0.46014826443471196,7287.23876953125
7,0.570027232170105,0.475331342914557,8812.8740234375
