k,Silhouette Score,Davies-Bouldin Index,Calinski-Harabasz Index
3,0.3409182131290436,0.9431737101318897,1787.35107421875
4,0.30356505513191223,0.925310483686262,1743.5244140625
5,0.2681335508823395,1.0205128436110034,1739.5257568359375
6,0.21176402270793915,1.1673345264458674,1616.13671875
7,0.17464223504066467,1.370817783868428,1475.9046630859375
