,Role 0,Role 1,Role 2,Role 3
Role 0,0.5091324200913242,0.0,0.09569359156038419,0.3951739883482916
Role 1,0.0,0.0,0.9118098159509203,0.08819018404907976
Role 2,0.32926994446701885,0.16104564540159827,0.12190166598943519,0.38778274414194774
Role 3,0.3869040736886731,0.004432111612132424,0.11034030909160981,0.4983235056075847
