,Role 0,Role 1,Role 2,Role 3,Role 4
Role 0,0.5032178025897496,0.0,0.3967201674808095,0.013181360006202993,0.08688066992323797
Role 1,0.0,0.0,0.0705521472392638,0.039110429447852764,0.8903374233128835
Role 2,0.4001955416503715,0.0035979663668361363,0.49276495893625344,0.012827532264372311,0.0906140007821666
Role 3,0.3541666666666667,0.053125,0.3416666666666667,0.1375,0.11354166666666667
Role 4,0.34960998439937596,0.1811232449297972,0.3614664586583463,0.017004680187207487,0.090795631825273
