k,Silhouette Score,Davies-Bouldin Index,Calinski-Harabasz Index
3,0.41038772463798523,0.8234345645125405,6523.17333984375
4,0.4769585430622101,0.908337528886551,5887.8740234375
5,0.3581680953502655,0.9593745234528155,5592.98046875
6,0.4225558340549469,0.7212509696729618,8034.61083984375
7,0.4232620298862457,0.8575586879544016,6565.63037109375
