,Role 0,Role 1,Role 2
Role 0,0.9947254734515497,0.00040186868940573665,0.004872657859044558
Role 1,1.0,0.0,0.0
Role 2,0.9931740614334471,0.0,0.006825938566552901
