,Role 0,Role 1,Role 2
Role 0,0.5414570306819835,0.42416751490475496,0.0343754544132616
Role 1,0.5989979054581297,0.3959916218325188,0.0050104727093515135
Role 2,0.906441717791411,0.09355828220858896,0.0
