,Role 0,Role 1,Role 2
Role 0,0.5425979070643824,0.4231382439052671,0.034263849030350464
Role 1,0.6022610059000701,0.3927053678260511,0.00503362627387878
Role 2,0.906441717791411,0.09355828220858896,0.0
