k,Silhouette Score,Davies-Bouldin Index,Calinski-Harabasz Index
3,0.7599679231643677,0.3473854081376854,9031.4833984375
4,0.6862296462059021,0.4032747150451401,13379.5908203125
5,0.6579836010932922,0.4404393626495457,17348.849609375
6,0.6487087607383728,0.42397748073190455,20759.3515625
7,0.6498339176177979,0.4150134605912582,24781.259765625
