,Role 0,Role 1,Role 2
Role 0,0.42442799461641995,0.20403768506056527,0.3715343203230148
Role 1,0.6109823677581864,0.11405541561712847,0.2749622166246851
Role 2,0.5414603050066199,0.13382042857843376,0.3247192664149463
