role_id,num_nodes,avg_degree,avg_betweenness,avg_closeness,avg_eigenvector,avg_pagerank,avg_clustering_coeff
0,1715,0.0011635959465848718,0.0009998393863434607,0.14626881240827322,0.0010869460054987446,0.0003086266819925383,0.09572446665741127
1,430,0.0011838386268159208,0.0001220597627046787,0.1424971058254465,0.001106183456225176,0.0002884789403977192,0.8011295681063122
2,223,0.0006924416187230912,1.8898729122174273e-06,0.0009466353133382486,-4.315339201179976e-20,0.00036927621861152144,0.2745248772154602
3,1,0.062061322497229406,0.23588976781705245,0.22276881556604902,0.6543415642873577,0.012206568911713374,0.01140575990875392
4,159,0.004077479072425786,0.007610576432526968,0.1676667234530496,0.0031786665562551202,0.0008748749083676374,0.11656272065643082
5,165,0.001820196796184975,0.0022550646525760104,0.1822511906308356,0.05586489558667343,0.0003985769134224624,0.38085740191762046
6,15,0.015318310552887574,0.043349814760452625,0.19973272252761815,0.015739877548599075,0.003148921946968952,0.032314697355699244
