,Role 0,Role 1,Role 2,Role 3,Role 4,Role 5
Role 0,0.7725479143179256,0.10992108229988726,0.041431792559188274,0.0,0.00014092446448703494,0.07595828635851183
Role 1,0.5860255447032306,0.28399699474079637,0.03831705484598046,0.0,0.0,0.09166040570999248
Role 2,0.345475910693302,0.05992949471210341,0.3783783783783784,0.19623971797884843,0.0,0.0199764982373678
Role 3,0.0,0.0,0.9940476190476191,0.0,0.0,0.005952380952380952
Role 4,0.002386634844868735,0.0,0.0,0.0,0.9976133651551312,0.0
Role 5,0.7800289435600579,0.17655571635311143,0.024602026049204053,0.001447178002894356,0.0,0.017366136034732273
