k,Silhouette Score,Davies-Bouldin Index,Calinski-Harabasz Index
3,0.37891942262649536,0.9811614207782603,859.1110229492188
4,0.390908807516098,0.763750151588988,1066.5067138671875
5,0.44225820899009705,0.7233422714759241,1260.7899169921875
6,0.4699196219444275,0.6151019726807377,1507.406005859375
7,0.38861480355262756,0.7630924576986694,1631.8272705078125
