role_id,num_nodes,avg_degree,avg_betweenness,avg_closeness,avg_eigenvector,avg_pagerank,avg_clustering_coeff
0,2694,0.0013557471089416231,0.0013300315402648957,0.13718737445669593,0.004407120058414947,0.00035325688525107273,0.2415872359991893
1,1,0.062061322497229406,0.23588976781705245,0.22276881556604902,0.6543415642873581,0.012206568911713374,0.01140575990875392
2,13,0.014236594583842459,0.03207240458318937,0.19073292266947842,0.03278490505476669,0.0027784140170689763,0.06891329242473744
