,Role 0,Role 1,Role 2,Role 3,Role 4,Role 5,Role 6
Role 0,0.613476490188819,0.08237689744539059,0.0,0.0,0.1862273232136246,0.04331728989263236,0.07460199925953351
Role 1,0.3229317851959361,0.3018867924528302,0.0,0.0,0.2590711175616836,0.036284470246734396,0.07982583454281568
Role 2,0.0,0.0,1.0,0.0,0.0,0.0,0.0
Role 3,0.0,0.0,0.0,0.0,0.011904761904761904,0.9821428571428571,0.005952380952380952
Role 4,0.5732193732193732,0.20341880341880342,0.0,0.0011396011396011395,0.15042735042735042,0.02507122507122507,0.046723646723646726
Role 5,0.2878228782287823,0.06150061500615006,0.0,0.2029520295202952,0.05412054120541206,0.37392373923739236,0.01968019680196802
Role 6,0.6479099678456591,0.17684887459807075,0.0,0.001607717041800643,0.13183279742765272,0.02572347266881029,0.01607717041800643
