,Role 0,Role 1,Role 2
Role 0,0.3132075471698113,0.5018867924528302,0.18490566037735848
Role 1,0.04321689683184403,0.5137286758732738,0.4430544272948822
Role 2,0.02531645569620253,0.7044691294239215,0.270214414879876
