k,Silhouette Score,Davies-Bouldin Index,Calinski-Harabasz Index
3,0.6122258901596069,0.5789573009762623,4108.03857421875
4,0.5651183128356934,0.539080117408393,4777.400390625
5,0.5936471223831177,0.4404466803288978,5256.201171875
6,0.5806556344032288,0.4571582537973738,6261.55126953125
7,0.584365963935852,0.4727269564742058,7536.220703125
