role_id,num_nodes,avg_degree,avg_betweenness,avg_closeness,avg_eigenvector,avg_pagerank,avg_clustering_coeff
0,507,0.00038617099797515247,1.2104106623839013e-05,0.09706683407210077,0.0007277818944630381,0.0002096821121622744,0.0
1,1831,0.0012417994329485807,0.0010256711300238005,0.145074832987262,0.004876186535849237,0.0003196588265493291,0.3210846468902176
2,370,0.003864854880739624,0.006356203718216968,0.15524372843885467,0.009881199458747292,0.0008335023181673117,0.17253325374934564
